<?xml version="1.0" encoding="UTF-8"?>

<beans xmlns="http://www.springframework.org/schema/beans"
	xmlns:xsi="http://www.w3.org/2001/XMLSchema-instance" xmlns:context="http://www.springframework.org/schema/context"
	xmlns:aop="http://www.springframework.org/schema/aop" xmlns:tx="http://www.springframework.org/schema/tx"
	xsi:schemaLocation="http://www.springframework.org/schema/beans 
        http://www.springframework.org/schema/beans/spring-beans.xsd  
        http://www.springframework.org/schema/context
        http://www.springframework.org/schema/context/spring-context.xsd
        http://www.springframework.org/schema/aop 
        http://www.springframework.org/schema/aop/spring-aop.xsd
        http://www.springframework.org/schema/tx 
        http://www.springframework.org/schema/tx/spring-tx.xsd">

	<!-- 引入数据库相关参数配置文件 -->
	<context:property-placeholder location="classpath:jdbc.properties" />

	<bean id="dataSource" class="com.mchange.v2.c3p0.ComboPooledDataSource">

		<!-- 数据库连接池属性 -->
		<property name="driverClass" value="${jdbc.driver}"></property>
		<property name="jdbcUrl" value="${jdbc.url}"></property>
		<property name="user" value="${jdbc.username}"></property>
		<property name="password" value="${jdbc.password}"></property>

		<!--c3p0私有属性 -->
		<property name="maxPoolSize" value="30" />
		<property name="minPoolSize" value="10" />
		<!--关闭连接后不自动commit -->
		<property name="autoCommitOnClose" value="false" />

		<!--获取连接超时时间 -->
		<property name="checkoutTimeout" value="1000" />
		<!--当获取连接失败重试次数 -->
		<property name="acquireRetryAttempts" value="2" />

	</bean>

	<!-- 配置SqlSessionFactory对象 -->
	<bean id="sqlSessionFactory" class="org.mybatis.spring.SqlSessionFactoryBean">
		
		<!-- 注入数据库连接池 -->
		<property name="dataSource" ref="dataSource"></property>
		<!-- 配置mybatis全局配置文件:mybatis-config.xml -->
		<property name="configLocation" value="classpath:mybaits-config.xml"></property>
		<!-- 扫描entity包,使用别名,多个用;分号隔开 -->
		<property name="typeAliasesPackage" value="com.lmr.seckill.entity"></property>
		<!-- 扫描sql配置文件:mapper需要的xml文件 -->
		<property name="mapperLocations" value="classpath:mapper/*.xml"></property>

	</bean>

	<!-- 配置扫描Dao接口包,动态实现DAO接口,注入到spring容器-->
	<bean id="mapperScannerConfigurer" class="org.mybatis.spring.mapper.MapperScannerConfigurer">
		
		<!-- 注入SqlSessionFactory -->
		<property name="sqlSessionFactoryBeanName" value="sqlSessionFactory"></property>
		<!-- 给出需要扫描的Dao接口-->
		<property name="basePackage" value="com.lmr.seckill.dao"></property>

	</bean>
	
	<!-- redisDao配置 -->
	<bean id="redisDao" class="com.lmr.seckill.dao.cache.RedisDao">
		<constructor-arg name="ip" value="${redis.ip}"></constructor-arg>
		<constructor-arg name="port" value="${redis.port}"></constructor-arg>
	</bean>

</beans>